id,name,email,gender,status
7834404,Enakshi Butt,enakshi_butt@hodkiewicz-nicolas.test,male,active
7834403,Rukhmani Talwar,talwar_rukhmani@klein.test,male,inactive
7834402,Agnimitra Tandon,agnimitra_tandon@moen-denesik.example,male,inactive
7834401,Dr. Brahma Tagore,tagore_brahma_dr@kessler-shanahan.test,male,inactive
7834400,Chiranjeev Menon,chiranjeev_menon@feil.test,male,inactive
7834399,Dr. Sharmila Dutta,sharmila_dr_dutta@herzog-reichel.test,male,active
7834398,Dipesh Pilla,dipesh_pilla@jacobson.test,male,active
7834397,Pres. Sameer Mehrotra,pres_sameer_mehrotra@quitzon-jerde.example,female,active
7834396,Gov. Rajendra Mukhopadhyay,rajendra_mukhopadhyay_gov@schultz-murray.example,female,active
7834395,Chatura Patel,patel_chatura@wuckert.example,male,active
7834393,Divaakar Patel,patel_divaakar@wilkinson.test,female,inactive
7834392,Prem Deshpande,prem_deshpande@leffler.example,male,inactive
7831944,Shrishti Gill,shrishti_gill@towne-hyatt.test,female,inactive
7831943,Dayaananda Mahajan,mahajan_dayaananda@bartell.test,female,active
7831942,Brahmaanand Panicker,panicker_brahmaanand@hammes.example,male,active
7831940,Subhash Devar,devar_subhash@orn-schimmel.example,male,active
7831939,Achintya Bandopadhyay,achintya_bandopadhyay@cole-brekke.test,female,active
7831938,Hiranmay Jain,jain_hiranmay@oberbrunner.test,male,inactive
7831937,Rev. Abhaidev Panicker,abhaidev_panicker_rev@lemke-bartell.test,female,inactive
7831936,Keerti Chaturvedi,chaturvedi_keerti@swift.example,female,active
7831934,Fr. Jay Nair,jay_fr_nair@muller.example,male,active
7831933,Ranjit Nehru DVM,dvm_ranjit_nehru@abbott.test,male,inactive
7831932,Sloka Verma VM,sloka_verma_vm@kuhic-murphy.example,female,active
7831931,Dhanalakshmi Menon DC,dhanalakshmi_dc_menon@douglas.example,male,inactive
7831930,Anuja Nehru,nehru_anuja@cummings.test,female,inactive
7831929,Chandran Adiga III,chandran_adiga_iii@christiansen-schroeder.example,male,active
7831928,Dayaamay Bandopadhyay,dayaamay_bandopadhyay@kub-bergnaum.example,female,active
7831927,Rohan Joshi,joshi_rohan@schamberger.test,female,inactive
7831926,Dr. Lakshmidhar Banerjee,lakshmidhar_dr_banerjee@wisoky-heathcote.example,male,active
7831925,Vrinda Varma,vrinda_varma@cartwright.test,female,inactive
7831924,Dhyanesh Kakkar I,kakkar_dhyanesh_i@mills.example,male,active
7831923,Amritambu Saini,saini_amritambu@moen.test,male,inactive
7831922,Anilabh Arora,arora_anilabh@schultz-ratke.example,male,inactive
7831921,Hamsini Naik,naik_hamsini@kassulke.test,female,inactive
7831920,Kalinda Nayar IV,kalinda_nayar_iv@zboncak.test,male,inactive
7831919,Dakshayani Dutta,dakshayani_dutta@nitzsche.test,male,inactive
7831918,Ms. Chakradhar Gowda,ms_chakradhar_gowda@greenfelder-kulas.test,female,inactive
7831917,Ghanshyam Marar,ghanshyam_marar@barrows.test,male,inactive
7831916,Anasooya Varman,varman_anasooya@casper.test,male,inactive
7831915,Lakshminath Ganaka DO,ganaka_lakshminath_do@leuschke.example,male,inactive
7831914,Gatik Nambeesan,nambeesan_gatik@haley.example,female,inactive
7831913,Amb. Aanjaneya Mukhopadhyay,mukhopadhyay_amb_aanjaneya@goodwin-murazik.test,male,inactive
7831912,Dayaanidhi Jain,jain_dayaanidhi@larson.example,female,inactive
7831911,Divya Chopra Ret.,divya_chopra_ret@klein.test,female,inactive
7831910,Annapurna Mehra,mehra_annapurna@stark-rogahn.test,male,inactive
7831909,Gotum Khatri,gotum_khatri@schaden.example,female,active
7831908,Bhushit Prajapat,prajapat_bhushit@jacobs.test,female,inactive
7831907,Acharyanandana Agarwal,acharyanandana_agarwal@jast.test,female,active
7831906,Pres. Devani Guneta,pres_guneta_devani@kiehn-hamill.example,male,inactive
7831905,Bhagavaan Kocchar CPA,bhagavaan_cpa_kocchar@casper.test,female,inactive
7831904,Suman Jain,jain_suman@wintheiser-sanford.test,female,active
7831903,Deb Jain LLD,jain_lld_deb@wuckert-ankunding.test,male,inactive
7831902,Heema Nambeesan,nambeesan_heema@parker.test,male,inactive
7831901,Chiranjeeve Rana,rana_chiranjeeve@watsica-rice.example,female,inactive
7831900,Jagathi Marar,jagathi_marar@corkery.example,male,inactive
7831899,Gautama Kaul,gautama_kaul@purdy.example,male,inactive
7831898,Avadhesh Jain II,avadhesh_jain_ii@lesch.example,female,inactive
7831897,Yogendra Malik,malik_yogendra@bergnaum-dooley.test,male,inactive
7831896,Shobhana Banerjee,banerjee_shobhana@kub.example,female,active
7831895,Pushti Ahluwalia,pushti_ahluwalia@stark-jacobi.test,female,inactive
7831894,Manjusha Pothuvaal,manjusha_pothuvaal@murazik.example,female,active
7831893,Msgr. Deeptiman Panicker,panicker_msgr_deeptiman@gerhold.test,male,active
7831892,Prof. Acaryatanaya Jha,acaryatanaya_jha_prof@runolfsson.example,male,active
7825341,Anamika Chattopadhyay,chattopadhyay_anamika@boyer-skiles.test,male,inactive
7824118,Gurdev Banerjee,banerjee_gurdev@crist.test,female,inactive
7824117,Chandrabhan Bandopadhyay,bandopadhyay_chandrabhan@herman-gutkowski.test,female,active
7824116,Bharadwaj Reddy,reddy_bharadwaj@hilll-schimmel.example,male,active
7824115,Anilaabh Dubashi,anilaabh_dubashi@muller-bins.test,male,inactive
7824114,Vijay Kapoor,vijay_kapoor@ebert.test,female,active
7824113,Veda Somayaji,veda_somayaji@stanton.test,female,inactive
7824112,Ajit Patel,patel_ajit@moen.example,male,active
7824111,Bhadrak Shukla,bhadrak_shukla@koss-dach.example,male,active
7824110,Rajiv Kaniyar,rajiv_kaniyar@stoltenberg-yost.test,female,inactive
7824109,Dr. Anagh Arora,anagh_dr_arora@mertz.test,male,active
7824108,Vimala Sethi,sethi_vimala@medhurst-hermann.example,male,inactive
7824104,Swara Ahluwalia,ahluwalia_swara@blick.test,female,inactive
7824103,Bela Kaniyar,bela_kaniyar@auer.example,female,active
7824102,Chaten Nair,chaten_nair@labadie.example,female,active
7824101,Aanjaneya Adiga,aanjaneya_adiga@pouros.test,male,inactive
7824100,Rati Chattopadhyay,chattopadhyay_rati@legros.example,female,active
7824099,Tanushri Mishra,tanushri_mishra@predovic.example,female,active
7824098,Aryan Ahuja,ahuja_aryan@johnston-anderson.test,male,active
7824097,Chakradhar Abbott,abbott_chakradhar@runolfsdottir-sporer.example,male,active
7824096,Rev. Laal Mishra,laal_mishra_rev@wuckert.test,male,inactive
7824095,Rev. Aslesha Kapoor,kapoor_aslesha_rev@mills.example,female,active
7824094,Deeptendu Malik,deeptendu_malik@pfeffer-luettgen.test,male,active
7824093,Ms. Chandramani Mahajan,mahajan_chandramani_ms@hyatt.example,male,inactive
7824092,Chidambaram Devar,devar_chidambaram@schmidt.test,male,inactive
7820280,Charumati Desai,desai_charumati@mcclure-flatley.example,female,inactive
7820278,Rep. Vrinda Bhat,vrinda_bhat_rep@marquardt-turner.test,female,active
7820277,Deepankar Johar,johar_deepankar@russel.example,male,active
7820276,Dhanesh Marar,marar_dhanesh@schumm.test,female,active
7820275,Brajesh Pilla,pilla_brajesh@blanda.test,female,inactive
7817010,Gov. Devasree Chattopadhyay,chattopadhyay_gov_devasree@stark.test,male,active
7817009,Dhaanyalakshmi Jain,jain_dhaanyalakshmi@hermiston.example,female,inactive
7816517,Aatreya Nambeesan,aatreya_nambeesan@crooks.example,female,inactive
7816515,Bhupati Ahuja,ahuja_bhupati@hagenes-langworth.test,male,inactive
7816514,Msgr. Shashikala Khatri,msgr_shashikala_khatri@reinger-paucek.test,male,active
7816513,Mr. Atmanand Nayar,atmanand_mr_nayar@heaney.example,female,inactive
7816511,Sarisha Johar,johar_sarisha@ratke-lueilwitz.example,male,active
